INSERT INTO category (id, name) VALUES
                                         (1, 'Action and adventure'),
                                         (2, 'Alternate history'),
                                         (3, 'Anthology'),
                                         (4, 'Classic'),
                                         (5, 'Children'),
                                         (6, 'Romance'),
                                         (7, 'Western'),
                                         (8, 'Science Fiction'),
                                         (9, 'Fantasy'),
                                         (10, 'Comic book'),
                                         (11, 'Crime'),
                                         (12, 'Drama'),
                                         (13, 'Biography'),
                                         (14, 'Mystery'),
                                         (15, 'Detective fiction'),
                                         (16, 'Conspiracy fiction'),
                                         (17, 'Thriller');

INSERT INTO author (id, name) VALUES
                                        (1, 'Jane Austen'),
                                        (2, 'Gabriel García Márquez'),
                                        (3, 'Herman Melville'),
                                        (4, 'J.K. Rowling'),
                                        (5, 'Antoine De Saint-Exupery'),
                                        (6, 'Colleen Hoover'),
                                        (7, 'Jasmine Guillory'),
                                        (8, 'Isabel Allende'),
                                        (9, 'Sylvia Nasar'),
                                        (10, 'Andrew Hodges'),
                                        (11, 'Walter Isaacson'),
                                        (12, 'William Shakespeare'),
                                        (13, 'Dan Brown');

INSERT INTO book (id, isbn, title, author_id) VALUES
                                                      (1, '978-65-86110-10-7', 'Pride and Prejudice', 1),
                                                      (2, '978-65-86110-45-6', 'One Hundred Years of Solitude', 2),
                                                      (3, '978-65-86110-21-8', 'Moby-Dick', 3),
                                                      (4, '978-65-86110-30-9', 'Harry Potter and Half Blood Prince', 4),
                                                      (5, '978-65-86110-65-10', 'The Little Prince', 5),
                                                      (6, '978-65-86110-79-11', 'It Ends With Us', 6),
                                                      (7, '978-65-86110-82-12', 'The Proposal', 7),
                                                      (8, '978-65-86110-93-13', 'A Long Petal of the Sea', 8),
                                                      (9, '978-65-86110-12-14', 'A Beautiful Mind', 9),
                                                      (10, '978-65-86110-08-15', 'Alan Turing: The Enigma', 10),
                                                      (11, '978-65-86110-14-16', 'Steve Jobs', 11),
                                                      (12, '978-65-86110-21-17', 'Romeo and Juliet', 12),
                                                      (13, '978-65-86110-35-18', 'Hamlet', 12),
                                                      (14, '978-65-86110-81-19', 'Macbeth', 12);

INSERT INTO book_category (id, book_id, category_id) VALUES
                                                            (1, 1, 4),
                                                            (2, 2, 4),
                                                            (3, 3, 4),
                                                            (4, 4, 9),
                                                            (5, 5, 4),
                                                            (6, 5, 5),
                                                            (7, 6, 6),
                                                            (8, 7, 6),
                                                            (9, 8, 6),
                                                            (10, 9, 13),
                                                            (11, 10, 13),
                                                            (12, 11, 13),
                                                            (13, 12, 12),
                                                            (14, 12, 4),
                                                            (15, 13, 12),
                                                            (16, 13, 4),
                                                            (17, 14, 12),
                                                            (18, 14, 4);